Opportunity Name,SFDC URL,Account Name,Stage (Raw),Stage Bucket,ACV / Amount ($),Close Date,Created Date,Last Activity Date,Owner,Employees,Employee Bucket,EHR (Raw),EHR (Normalized),Providers (Opp Field),# Related Opps (Account),Opportunity ID,Account ID
ARCHealth - RCM,https://athelas.lightning.force.com/lightning/r/Opportunity/006Vo00000M8eOdIAJ/view,Arc Health Partners,4. Proposal/Price Quote,Early / Mid Pipeline,2000000.0,2026-07-31,2025-03-11,2026-03-10,Jason Absten,,Unknown,advancedmd,AdvancedMD,,3,006Vo00000M8eOdIAJ,001Vo000004iZUPIA2
Advantage Dermatology,https://athelas.lightning.force.com/lightning/r/Opportunity/0067V00002COj9WQAT/view,Advantage Dermatology,Active Evaluation,Early / Mid Pipeline,120000.0,2023-11-27,2023-10-24,2024-03-29,Amanda Rousso,,Unknown,ModMed,Modernizing Medicine,,1,0067V00002COj9WQAT,0017V00001cfmqtQAA
Allied Customer Solutions,https://athelas.lightning.force.com/lightning/r/Opportunity/006Vo00000vF0aAIAS/view,Allied Customer Solutions,IQM Set,Early / Mid Pipeline,,2026-01-30,2025-10-25,,Kyle Morris,,Unknown,N/A,Unknown,,1,006Vo00000vF0aAIAS,001Vo000010YIIEIA4
Ankle and Foot Centers of America,https://athelas.lightning.force.com/lightning/r/Opportunity/006Vo00000ozA5qIAE/view,Ankle and Foot Centers of America,FHA,Early / Mid Pipeline,314585.15,2026-05-12,2025-09-25,2026-04-01,Ramneek Kakar,9,0-300,Epic Systems Corporation,Epic,,1,006Vo00000ozA5qIAE,001Vo000002dcPVIAY
Arc Health Partners - Call agents,https://athelas.lightning.force.com/lightning/r/Opportunity/006Vo000014HPyTIAW/view,Arc Health Partners,3. Scoping,Early / Mid Pipeline,,2026-07-31,2025-12-12,2026-03-19,Jason Absten,,Unknown,,Unknown,,3,006Vo000014HPyTIAW,001Vo000004iZUPIA2
Atlanta Heart Associates,https://athelas.lightning.force.com/lightning/r/Opportunity/006Vo00001ENzrsIAD/view,Atlanta Heart Associates PC,IQM Set,Early / Mid Pipeline,,2026-04-30,2026-02-09,2026-02-13,Ernest Chan,135,0-300,GEMMS,Other,25.0,2,006Vo00001ENzrsIAD,0015e00000G2uHKAAZ
Atlantic Health System Enterprise,https://athelas.lightning.force.com/lightning/r/Opportunity/006Vo00001N8YDNIA3/view,Atlantic Health System,1. Qualifying,Early / Mid Pipeline,,2026-07-31,2026-03-30,,Jean-Luc Neptune,5000,"1,001-5,000",,Unknown,,3,006Vo00001N8YDNIA3,0015e00000CA0hdAAD
Brooks Rehab - meditech ambient + intake + call center + RCM,https://athelas.lightning.force.com/lightning/r/Opportunity/006Vo00000VZbuBIAT/view,Brooks Rehabilitation Hospital - University Campus,3. Scoping,Early / Mid Pipeline,150000.0,2026-12-31,2025-05-28,2026-02-27,Daniel Carter,5000,"1,001-5,000",MEDITECH,MEDITECH,,4,006Vo00000VZbuBIAT,001Vo000008xAqcIAE
Calvary Pediatrics - Scribe,https://athelas.lightning.force.com/lightning/r/Opportunity/006Vo000019ZW2XIAW/view,Calvary Pediatrics,Pilot,Early / Mid Pipeline,10400.0,2026-04-30,2026-01-14,2026-01-20,Ryan Laliberte,17,0-300,eClinicalWorks,eClinicalWorks,4.0,3,006Vo000019ZW2XIAW,0017V00001tScwjQAC
Catholic Health Buffalo - Platform - New Business,https://athelas.lightning.force.com/lightning/r/Opportunity/006Vo00000bAz06IAC/view,Catholic Health System,2. Needs Analysis,Early / Mid Pipeline,250000.0,2026-12-31,2025-07-02,2026-02-27,Jean-Luc Neptune,5000,"1,001-5,000",Epic,Epic,,1,006Vo00000bAz06IAC,001Vo00000OuO1cIAF
Childrens Orthopaedic and Scoliosis Surgery Associates LLP,https://athelas.lightning.force.com/lightning/r/Opportunity/006Vo00000LOG1KIAX/view,Childrens Orthopaedic and Scoliosis Surgery Associates LLP,FHA,Early / Mid Pipeline,379538.95,2026-05-29,2025-03-03,2026-03-25,Janann Turner,39,0-300,Greenway Health;,Other,,2,006Vo00000LOG1KIAX,0017V00001XTkkcQAD
Commure Agent - Advanced Wound Care,https://athelas.lightning.force.com/lightning/r/Opportunity/006Vo00000KyRLGIA3/view,Advanced Wound Care,IQM Set,Early / Mid Pipeline,,2025-07-31,2025-02-26,2025-03-05,Nassim Arsalane,14,0-300,,Unknown,18.0,3,006Vo00000KyRLGIA3,001Vo000007ABarIAG
"Commure Agent - Arvind Pai, MD PA",https://athelas.lightning.force.com/lightning/r/Opportunity/006Vo00000JcnfxIAB/view,"Arvind Pai, MD PA",IQM Set,Early / Mid Pipeline,,2025-03-31,2025-02-12,,Nassim Arsalane,,Unknown,,Unknown,1.0,4,006Vo00000JcnfxIAB,0015e00000QJhU9AAL
Commure Agent - Back In the Game Physical Therapy,https://athelas.lightning.force.com/lightning/r/Opportunity/006Vo00000Le6x7IAB/view,Back In the Game Physical Therapy,IQM Set,Early / Mid Pipeline,,2025-04-30,2025-03-05,2026-03-27,Nassim Arsalane,,Unknown,WebPT,Other,10.0,2,006Vo00000Le6x7IAB,0017V00001dA4gyQAC
Commure Agent - Cascade Foot & Ankle Clinic,https://athelas.lightning.force.com/lightning/r/Opportunity/006Vo00000P0cgQIAR/view,Cascade Foot  Ankle Clinic,Active Evaluation,Early / Mid Pipeline,,2025-05-31,2025-04-07,,Nassim Arsalane,6,0-300,,Unknown,2.0,2,006Vo00000P0cgQIAR,0017V00001cfzFxQAI
Commure Agent - Complex Care Center,https://athelas.lightning.force.com/lightning/r/Opportunity/006Vo00000M0qoNIAR/view,Complex Care Center (ccc),Active Evaluation,Early / Mid Pipeline,,2025-04-30,2025-03-10,2025-03-14,Nassim Arsalane,,Unknown,,Unknown,2.0,2,006Vo00000M0qoNIAR,001Vo00000OdQAVIA3
Commure Agent - GLA Ortho,https://athelas.lightning.force.com/lightning/r/Opportunity/006Vo00000P1KW9IAN/view,GLA Ortho,IQM Set,Early / Mid Pipeline,,2025-05-31,2025-04-07,2025-09-26,Nassim Arsalane,7015,"5,000+",,Unknown,3.0,2,006Vo00000P1KW9IAN,0017V00001WfHAQQA3
Commure Agent - Love Clinic & Med Spa,https://athelas.lightning.force.com/lightning/r/Opportunity/006Vo00000LfLZ4IAN/view,Love Clinic & Med Spa,Active Evaluation,Early / Mid Pipeline,,2025-04-30,2025-03-05,2025-03-10,Nassim Arsalane,,Unknown,,Unknown,5.0,2,006Vo00000LfLZ4IAN,001Vo00000C4qlxIAB
Commure Agent - Mind Body Connection Inc,https://athelas.lightning.force.com/lightning/r/Opportunity/006Vo00000LQjewIAD/view,Mind Body Connection Inc,IQM Set,Early / Mid Pipeline,,2025-03-31,2025-03-03,,Nassim Arsalane,,Unknown,,Unknown,1.0,3,006Vo00000LQjewIAD,001Vo00000Oe6XUIAZ
Commure Agent - South Valley ENT,https://athelas.lightning.force.com/lightning/r/Opportunity/006Vo00000JRhu4IAD/view,South Valley ENT,Active Evaluation,Early / Mid Pipeline,,2025-07-31,2025-02-11,2026-03-26,Nassim Arsalane,18,0-300,AdvancedMD,AdvancedMD,10.0,2,006Vo00000JRhu4IAD,0017V00001jBfy9QAC
Commure Agent - Swing Therapeutics,https://athelas.lightning.force.com/lightning/r/Opportunity/006Vo00000PTTwNIAX/view,"Swing Therapeutics, Inc.",Active Evaluation,Early / Mid Pipeline,,2025-05-31,2025-04-10,,Nassim Arsalane,,Unknown,,Unknown,8.0,1,006Vo00000PTTwNIAX,001Vo00000CMRAlIAP
Commure Agent - TurnKeyMD,https://athelas.lightning.force.com/lightning/r/Opportunity/006Vo00000LXuAkIAL/view,TurnKeyMD,IQM Set,Early / Mid Pipeline,,2025-04-30,2025-03-04,,Nassim Arsalane,6,0-300,,Unknown,100.0,2,006Vo00000LXuAkIAL,001Vo000005T223IAC
Commure Agent - iKidney Care Clinic,https://athelas.lightning.force.com/lightning/r/Opportunity/006Vo00000Ls8PbIAJ/view,iKidney Care Clinic,IQM Set,Early / Mid Pipeline,,2025-04-30,2025-03-07,,Nassim Arsalane,,Unknown,eClincalWorks,Other,5.0,5,006Vo00000Ls8PbIAJ,0015e00000L56MOAAZ
Commure Agent/Scribe - Idaho Urology,https://athelas.lightning.force.com/lightning/r/Opportunity/006Vo00000Kjcx3IAB/view,Idaho Urologic Institute,IQM Set,Early / Mid Pipeline,,2025-03-31,2025-02-24,,Luke Bellber,,Unknown,iSALUS Healthcare,Other,11.0,7,006Vo00000Kjcx3IAB,001Vo00000RKVzPIAX
Cornell Scott - Hill_PX_Call Center Agents,https://athelas.lightning.force.com/lightning/r/Opportunity/006Vo00000ZSIqnIAH/view,Cornell Scott-Hill Health Center,4. Proposal/Price Quote,Early / Mid Pipeline,100000.0,2026-07-31,2025-06-21,2026-02-23,Micah Ciancia,,Unknown,Epic,Epic,,5,006Vo00000ZSIqnIAH,001Vo000008wzRdIAI
Doctors of Physical Therapy,https://athelas.lightning.force.com/lightning/r/Opportunity/006Vo00000Jc4m1IAB/view,Doctors of Physical Therapy,Active Evaluation,Early / Mid Pipeline,72000.0,2025-10-31,2025-02-12,2026-03-12,Lisa Glidden,,Unknown,Clinicient,Other,,4,006Vo00000Jc4m1IAB,0017V00001WgI98QAF
FPA Lex RCM,https://athelas.lightning.force.com/lightning/r/Opportunity/006Vo00001FezYIIAZ/view,Family Practice Associates of Lexington PSC,Active Evaluation,Early / Mid Pipeline,600000.0,2026-05-30,2026-02-16,,Jon Smorol,,Unknown,Veradigm Inc,Other,20.0,1,006Vo00001FezYIIAZ,0017V00001Y7sXHQAZ
Families First Pediatrics,https://athelas.lightning.force.com/lightning/r/Opportunity/006Vo00001BGp4aIAD/view,Families First Pediatrics,FHA,Early / Mid Pipeline,719802.0,2026-04-24,2026-01-23,2026-03-13,Melissa Erlandson,331,"301-1,000",AdvancedMD,AdvancedMD,60.0,4,006Vo00001BGp4aIAD,0017V00001WfyK9QAJ
Family Practice Associates,https://athelas.lightning.force.com/lightning/r/Opportunity/0067V00002AKv2HQAT/view,Family Practice Associates,IQM Set,Early / Mid Pipeline,72000.0,2023-08-15,2023-07-11,2026-03-25,Indiana Brown,200,0-300,UpDox,Other,,2,0067V00002AKv2HQAT,0015e00000d7JvJAAU
Ferncreek Cardiology PA,https://athelas.lightning.force.com/lightning/r/Opportunity/006Vo00001Ef3kXIAR/view,Ferncreek Cardiology PA,Active Evaluation,Early / Mid Pipeline,72000.0,2026-04-30,2026-02-10,,Matthew Cordner,62,0-300,eClinicalWorks,eClinicalWorks,3.0,1,006Vo00001Ef3kXIAR,0015e00000d7HBzAAM
"Forrest Health- (Ambient, PX, Call Agents, FDE)",https://athelas.lightning.force.com/lightning/r/Opportunity/006Vo000010YfUvIAK/view,Forrest Health,2. Needs Analysis,Early / Mid Pipeline,,2027-02-28,2025-11-21,2026-01-09,Daniel Carter,5000,"1,001-5,000",Epic,Epic,,3,006Vo000010YfUvIAK,001Vo000008x19sIAA
Frederick Foot and Ankle,https://athelas.lightning.force.com/lightning/r/Opportunity/006Vo00000prc53IAA/view,Frederick Foot and Ankle,FHA,Early / Mid Pipeline,391931.16,2026-04-28,2025-09-30,2026-03-31,Noah Reyhl,,Unknown,NextGen Healthcare,Other,8.0,4,006Vo00000prc53IAA,0017V00001dA6AjQAK
Frederick Foot and Ankle - Cosell,https://athelas.lightning.force.com/lightning/r/Opportunity/006Vo00001DmOwGIAV/view,Frederick Foot and Ankle,Pilot,Early / Mid Pipeline,24000.0,2026-04-30,2026-02-05,,Riley Williams,,Unknown,NextGen Healthcare,Other,8.0,4,006Vo00001DmOwGIAV,0017V00001dA6AjQAK
Frederick Health - Referral Intake,https://athelas.lightning.force.com/lightning/r/Opportunity/006Vo00000y7nJCIAY/view,Frederick Health Physicians (FKA Frederick Health Medical Group),2. Needs Analysis,Early / Mid Pipeline,,2026-06-26,2025-11-08,2025-11-10,Joe Carzo,3281,"1,001-5,000",MEDITECH;,MEDITECH,,1,006Vo00000y7nJCIAY,0017V00001Y7sptQAB
GEDC | Ares | Agent - call center,https://athelas.lightning.force.com/lightning/r/Opportunity/006Vo00000qHGfDIAW/view,Great Expressions Dental Centers,2. Needs Analysis,Early / Mid Pipeline,,2027-01-31,2025-10-03,2026-02-12,Daniel Carter,,Unknown,Other,Other,,2,006Vo00000qHGfDIAW,001Vo00000OePlMIAV
Gerald Family Care PC,https://athelas.lightning.force.com/lightning/r/Opportunity/006Vo00000erpi6IAA/view,Gerald Family Care PC,Active Evaluation,Early / Mid Pipeline,100000.0,2025-12-31,2025-07-24,,Bridget Yeager,13,0-300,eClinicalWorks; V11 EHR,eClinicalWorks,,1,006Vo00000erpi6IAA,0015e00000d7K12AAE
Griffin Hospital - Enterprise - New Business,https://athelas.lightning.force.com/lightning/r/Opportunity/006Vo00001FQ9OHIA1/view,Griffin Hospital,3. Scoping,Early / Mid Pipeline,,2026-07-31,2026-02-14,,Amy Sullivan,1000,"301-1,000",MEDITECH,MEDITECH,,1,006Vo00001FQ9OHIA1,001Vo000008wtZ4IAI
IMH - Call Center,https://athelas.lightning.force.com/lightning/r/Opportunity/006Vo00001LDlqvIAD/view,Intermountain Healthcare,1. Qualifying,Early / Mid Pipeline,750000.0,2026-12-31,2026-03-19,,Mick Majewski,100000,"5,000+",Epic,Epic,,10,006Vo00001LDlqvIAD,001Vo000008ww72IAA
Iowa PCA - Partnership,https://athelas.lightning.force.com/lightning/r/Opportunity/006Vo00000k8NONIA2/view,Iowa Primary Care Association,Active Evaluation,Early / Mid Pipeline,,2026-07-31,2025-08-26,2025-11-13,Ramesh Munnangi,30,0-300,OCHIN Epic; athenahealth,Athena,,1,006Vo00000k8NONIA2,0017V000025oWBEQA2
Kids First Pediatrics,https://athelas.lightning.force.com/lightning/r/Opportunity/006Vo00001FswFZIAZ/view,Kids First Pediatrics of Georgia,Active Evaluation,Early / Mid Pipeline,72000.0,2026-06-27,2026-02-17,,Marisa Wetzel,34,0-300,eClinicalWorks,eClinicalWorks,,2,006Vo00001FswFZIAZ,0017V00001tSdvCQAS
Lima Memorial Health System - Ambient,https://athelas.lightning.force.com/lightning/r/Opportunity/006Vo00001MRnCMIA1/view,Lima Memorial Health System,1. Qualifying,Early / Mid Pipeline,,2026-07-31,2026-03-26,2026-03-26,Jason Absten,1000,"301-1,000",MEDITECH,MEDITECH,,3,006Vo00001MRnCMIA1,001Vo000008x4XOIAY
Magic Valley Orthopedics - RCM,https://athelas.lightning.force.com/lightning/r/Opportunity/006Vo00001ApWitIAF/view,Magic Valley Orthopedics,Active Evaluation,Early / Mid Pipeline,330000.0,2026-07-31,2026-01-21,,Ramesh Munnangi,,Unknown,eCW,eClinicalWorks,13.0,3,006Vo00001ApWitIAF,001Vo00000CEvihIAD
Martin Orthopedics,https://athelas.lightning.force.com/lightning/r/Opportunity/006Vo000008AoVCIA0/view,Martin Orthopedics,Active Evaluation,Early / Mid Pipeline,192500.0,2024-10-31,2024-08-05,2026-03-25,Ariana Caldarone,20,0-300,ModMed,Modernizing Medicine,,5,006Vo000008AoVCIA0,0017V00001XTmB9QAL
Med-Cure Internal Medicine PLC,https://athelas.lightning.force.com/lightning/r/Opportunity/006Vo00000ByYDOIA3/view,Med-Cure Internal Medicine Plc,IQM Set,Early / Mid Pipeline,,2024-11-29,2024-10-24,,Austin Oldroyd,10,0-300,eClinicalWorks,eClinicalWorks,6.0,2,006Vo00000ByYDOIA3,0015e00000d7hnhAAA
Medvanta + CAO Call Center Agent Convertible Pilot (Ortho Forum),https://athelas.lightning.force.com/lightning/r/Opportunity/006Vo00000qnfydIAA/view,The Centers for Advanced Orthopaedics,3. Scoping,Early / Mid Pipeline,,2026-04-30,2025-10-07,2026-03-06,Adam Graves,161,0-300,Phoenix Ortho;,Other,,6,006Vo00000qnfydIAA,0017V00001WfzqqQAB
Memorial Health - Call Center + Referral/Intake,https://athelas.lightning.force.com/lightning/r/Opportunity/006Vo000006RS4oIAG/view,Memorial Healthcare System (MHS),2. Needs Analysis,Early / Mid Pipeline,100000.0,2027-02-28,2024-06-21,2025-11-13,Daniel Carter,,Unknown,Epic,Epic,,44,006Vo000006RS4oIAG,001Vo000008wtirIAA
Miami Diabetes & Endocrine,https://athelas.lightning.force.com/lightning/r/Opportunity/006Vo00000hoodaIAA/view,Miami Diabetes & Endocrinology,FHA,Early / Mid Pipeline,95963.55,2025-10-31,2025-08-12,2025-09-25,Heather Dombrosky,,Unknown,Athena,Athena,,1,006Vo00000hoodaIAA,0015e00000JrYtdAAF
Montefiore Call Center,https://athelas.lightning.force.com/lightning/r/Opportunity/006Vo00001N9FRwIAN/view,Montefiore Health System,2. Needs Analysis,Early / Mid Pipeline,,2026-07-31,2026-03-30,,Jean-Luc Neptune,10000,"5,000+",,Unknown,,5,006Vo00001N9FRwIAN,0015e00000CA1WpAAL
New York Bone  Joint Specialists,https://athelas.lightning.force.com/lightning/r/Opportunity/006Vo00001JjIdHIAV/view,New York Bone  Joint Specialists,Active Evaluation,Early / Mid Pipeline,72000.0,2026-04-30,2026-03-11,2026-03-24,Marisa Wetzel,11,0-300,ModMed,Modernizing Medicine,22.0,4,006Vo00001JjIdHIAV,0017V000024NJhpQAG
OSS Health - Cosell,https://athelas.lightning.force.com/lightning/r/Opportunity/006Vo00000qyqxRIAQ/view,OSS Health Physicians,Active Evaluation,Early / Mid Pipeline,28200.0,2026-04-30,2025-10-08,2026-03-31,Jordan Tunnell,844,"301-1,000",Medent,Other,150.0,2,006Vo00000qyqxRIAQ,0017V00001Wfzp6QAB
Optimus - PX Agent Pilot Conversion,https://athelas.lightning.force.com/lightning/r/Opportunity/006Vo00000tKXwDIAW/view,Optimus Health Care Inc,3. Scoping,Early / Mid Pipeline,,2026-09-30,2025-10-18,2026-03-05,Micah Ciancia,,Unknown,Epic Systems Corporation;,Epic,,7,006Vo00000tKXwDIAW,0017V00001XmyU7QAJ
Orthopedic Center of Colorado - RCM/Scribe,https://athelas.lightning.force.com/lightning/r/Opportunity/006Vo00000u3h8HIAQ/view,Orthopedic Centers of Colorado,Active Evaluation,Early / Mid Pipeline,1650000.0,2026-06-26,2025-10-21,2026-01-16,Alex Fogt,,Unknown,Veradigm,Other,,2,006Vo00000u3h8HIAQ,0017V00001gAJHFQA4
Ovation- Ambient Partnership,https://athelas.lightning.force.com/lightning/r/Opportunity/006Vo000014U9UaIAK/view,Ovation Healthcare (FKA Quorum Purchasing Advantage),1. Qualifying,Early / Mid Pipeline,,2026-12-31,2025-12-13,2026-01-15,Kelum Fecht,,Unknown,Epic;MEDITECH,MEDITECH,,1,006Vo000014U9UaIAK,001Vo00001KfAzdIAF
PatientFocus - Partnership,https://athelas.lightning.force.com/lightning/r/Opportunity/006Vo00001EqLsdIAF/view,PatientFocus,Active Evaluation,Early / Mid Pipeline,,2026-04-30,2026-02-11,2026-03-24,Daniel Oukolov,,Unknown,NA,Unknown,,1,006Vo00001EqLsdIAF,001Vo000008x1yxIAA
PerfectServe,https://athelas.lightning.force.com/lightning/r/Opportunity/006Vo000006GixkIAC/view,PerfectServe,1. Qualifying,Early / Mid Pipeline,,2026-12-31,2023-07-21,,Alec Epstein,,Unknown,,Unknown,,1,006Vo000006GixkIAC,001Vo000008x1GIIAY
RCM - Radiology Partners,https://athelas.lightning.force.com/lightning/r/Opportunity/006Vo00000Ps5MKIAZ/view,Radiology Partners,Active Evaluation,Early / Mid Pipeline,72000.0,2025-10-31,2025-04-15,2026-02-18,Anang Chokshi,1500,"1,001-5,000",-,Unknown,,2,006Vo00000Ps5MKIAZ,0017V00001ejql6QAA
RCM - Westview Family Medicine,https://athelas.lightning.force.com/lightning/r/Opportunity/006Vo00000yxRfxIAE/view,Westview Family Medicine PC,IQM Set,Early / Mid Pipeline,82500.0,2026-05-31,2025-11-12,,Steven Alexander,26,0-300,eClinicalWorks,eClinicalWorks,,1,006Vo00000yxRfxIAE,0015e00000d7Ep0AAE
RCM/Suite - ReQuest Physical Therapy,https://athelas.lightning.force.com/lightning/r/Opportunity/006Vo00001EQSzPIAX/view,"ReQuest Physical Therapy - Gainesville, FL",Active Evaluation,Early / Mid Pipeline,72000.0,2026-05-31,2026-02-09,2026-03-16,Ashley Coudron,,Unknown,Prompt,Other,20.0,1,006Vo00001EQSzPIAX,0017V00001Wfzy6QAB
RCM: Neurology Consultants of Dallas,https://athelas.lightning.force.com/lightning/r/Opportunity/006Vo00000CCjs7IAD/view,Neurology Consultants of Dallas,Active Evaluation,Early / Mid Pipeline,500000.0,2026-01-31,2024-10-29,2026-09-10,Lester Abey,10,0-300,ModMed,Modernizing Medicine,,4,006Vo00000CCjs7IAD,0017V00001WfzHxQAJ
Rayner | Athelas,https://athelas.lightning.force.com/lightning/r/Opportunity/006Vo000012djrgIAA/view,Rayner Eye Clinic  Surgery Center,IQM Set,Early / Mid Pipeline,72000.0,2026-04-30,2025-12-03,,Fredrick Long,,Unknown,Sightview,Other,,1,006Vo000012djrgIAA,001Vo00000Oe2LYIAZ
Roswell Park Care Network - RCM,https://athelas.lightning.force.com/lightning/r/Opportunity/006Vo00000cxgTdIAI/view,Roswell Park Comprehensive Cancer Center,3. Scoping,Early / Mid Pipeline,250000.0,2026-07-31,2025-07-14,2025-12-05,Eric Valentin,5000,"1,001-5,000",OncoEMR;Other,Other,,1,006Vo00000cxgTdIAI,001Vo00000SJBqxIAH
Schneck Medical - Ambient / Call Center Agents,https://athelas.lightning.force.com/lightning/r/Opportunity/006Vo00000psqVmIAI/view,Schneck Medical Center,2. Needs Analysis,Early / Mid Pipeline,,2026-08-31,2025-10-01,2026-02-19,Jason Absten,1000,"301-1,000",MEDITECH,MEDITECH,,5,006Vo00000psqVmIAI,001Vo000008wtYqIAI
South County Call Center Agents,https://athelas.lightning.force.com/lightning/r/Opportunity/006Vo00000sOawAIAS/view,South County Hospital,2. Needs Analysis,Early / Mid Pipeline,,2026-12-31,2025-10-15,2025-06-03,Jean-Luc Neptune,5000,"1,001-5,000",MEDITECH,MEDITECH,,4,006Vo00000sOawAIAS,001Vo000008x5iNIAQ
Stanford Children's Agents,https://athelas.lightning.force.com/lightning/r/Opportunity/006Vo00000Rv9dRIAR/view,Stanford Children's Health,3. Scoping,Early / Mid Pipeline,300000.0,2026-04-30,2025-05-01,,Mick Majewski,5000,"1,001-5,000",Epic,Epic,,6,006Vo00000Rv9dRIAR,0015e00000CA0ohAAD
Summit BHC - Call Center Agent Pilot Conv.,https://athelas.lightning.force.com/lightning/r/Opportunity/006Vo00000qzmRdIAI/view,Summit BHC,4. Proposal/Price Quote,Early / Mid Pipeline,,2026-05-31,2025-10-08,,Kelum Fecht,1108,"1,001-5,000",Other,Other,,5,006Vo00000qzmRdIAI,0017V00001jBcTwQAK
The Idaho Clinic - RCM,https://athelas.lightning.force.com/lightning/r/Opportunity/006Vo00000nX3e3IAC/view,The Idaho Clinic,IQM Set,Early / Mid Pipeline,72000.0,2026-04-30,2025-09-16,,Corey Pearson,13,0-300,--,Unknown,,1,006Vo00000nX3e3IAC,001Vo00000FKxXzIAL
UNLV - Ambient,https://athelas.lightning.force.com/lightning/r/Opportunity/006Vo000019xnBuIAI/view,UNLV School of Medicine,2. Needs Analysis,Early / Mid Pipeline,,2026-05-31,2026-01-16,,Mick Majewski,,Unknown,Epic,Epic,,2,006Vo000019xnBuIAI,001Vo000008wwShIAI
UNLV | RCM & Scribe,https://athelas.lightning.force.com/lightning/r/Opportunity/006Vo00000pcSvbIAE/view,UNLV Health Physicians,IQM Set,Early / Mid Pipeline,72000.0,2025-12-31,2025-09-29,2026-01-23,Christopher Osorio,,Unknown,Epic Systems Corporation,Epic,,1,006Vo00000pcSvbIAE,0017V00001gAJQ4QAO
US Heart and Vascular,https://athelas.lightning.force.com/lightning/r/Opportunity/006Vo00000hB0SCIA0/view,US Heart and Vascular,Active Evaluation,Early / Mid Pipeline,72000.0,2026-08-27,2025-08-07,2025-10-13,Han Kang,26,0-300,ECW,eClinicalWorks,320.0,2,006Vo00000hB0SCIA0,0017V00002BrPumQAF
Valley Oaks Medical,https://athelas.lightning.force.com/lightning/r/Opportunity/0067V00002AspRNQAZ/view,Valley Oaks (FKA Cima Medical Centers LLC),Active Evaluation,Early / Mid Pipeline,500000.0,2024-01-31,2023-08-16,,Mick Majewski,71,0-300,Eclinicalworks,eClinicalWorks,,1,0067V00002AspRNQAZ,0017V00001cfz93QAA
certified Foot & ankle,https://athelas.lightning.force.com/lightning/r/Opportunity/006Vo00000PpkiVIAR/view,"Certified Foot & Ankle Specialists, LLC.",Active Evaluation,Early / Mid Pipeline,72000.0,2025-10-31,2025-04-14,,Heather Dombrosky,,Unknown,Healow,Other,,2,006Vo00000PpkiVIAR,001Vo00000HlKZPIA3
AR Childrens Referral Intake MGMT,https://athelas.lightning.force.com/lightning/r/Opportunity/006Vo00000qnfyfIAA/view,Arkansas Childrens Hospital System,6. Contract Red-Line Received,Negotiations,860625.0,2026-03-31,2025-10-07,2026-03-31,Kelum Fecht,5000,"1,001-5,000",Epic,Epic,,3,006Vo00000qnfyfIAA,001Vo000008wnPfIAI
BayMark | Commmure AI RCM,https://athelas.lightning.force.com/lightning/r/Opportunity/006Vo00000qHNf3IAG/view,BayMark Health Services,7. Final Contract Execution,Negotiations,10800000.0,2026-04-30,2025-10-03,2026-03-02,Daniel Carter,,Unknown,Epic;Other,Epic,,3,006Vo00000qHNf3IAG,0017V00001Seh3TQAR
Commure Agent - Elevate Sports & Spine PT,https://athelas.lightning.force.com/lightning/r/Opportunity/006Vo00000M1gFdIAJ/view,Elevate Sports & Spine PT,Contract Negotiation,Negotiations,,2025-04-30,2025-03-10,2025-03-14,Nassim Arsalane,,Unknown,,Unknown,2.0,1,006Vo00000M1gFdIAJ,001Vo00000Sc2YXIAZ
MedVanta,https://athelas.lightning.force.com/lightning/r/Opportunity/006Vo00000KXxyfIAD/view,MedVanta,Contract Negotiation,Negotiations,5981592.9,2026-04-30,2025-02-21,2026-03-31,Bridget Yeager,123,0-300,"ModMed, TheraOffice",Modernizing Medicine,,1,006Vo00000KXxyfIAD,001Vo00000Oea39IAB
Michigan Neurology Associates PC,https://athelas.lightning.force.com/lightning/r/Opportunity/006Vo00000oqjIrIAI/view,Michigan Neurology Associates PC,Contract Negotiation,Negotiations,,2026-04-30,2025-09-24,2025-11-13,Paige Goodman,86,0-300,AdvancedMD,AdvancedMD,21.0,2,006Vo00000oqjIrIAI,0017V00001WfzENQAZ
Nathan Littauer Hospital - RCM - New Business,https://athelas.lightning.force.com/lightning/r/Opportunity/006Vo00000SMGNoIAP/view,Nathan Littauer Hospital,5. Negotiate/Contract Sent,Negotiations,3000000.0,2026-04-15,2025-05-05,2026-03-27,Eric Valentin,200,0-300,MEDITECH,MEDITECH,,4,006Vo00000SMGNoIAP,001Vo000008x9pDIAQ
UMCSN - Ambient/Referral Intake/Call Center Agents,https://athelas.lightning.force.com/lightning/r/Opportunity/006Vo00000ewgO4IAI/view,University Medical Center (UMC) of Southern Nevada,5. Negotiate/Contract Sent,Negotiations,416000.0,2026-06-30,2025-07-25,,Mick Majewski,5000,"1,001-5,000",,Unknown,,1,006Vo00000ewgO4IAI,001Vo000008ww7IIAQ
Dawn | Just Kids Pediatrics,https://athelas.lightning.force.com/lightning/r/Opportunity/006Vo00000KmRSaIAN/view,Just Kids Pediatrics,Closed Won - Live,Closed Won,895000.0,2025-07-29,2025-02-24,2025-08-05,Dawn Strelow,146,0-300,Greenway,Other,,1,006Vo00000KmRSaIAN,0017V00001mPiqMQAS
Dr. Farr,https://athelas.lightning.force.com/lightning/r/Opportunity/006Vo00001AskHPIAZ/view,Dr Morteza Farr DO Inc,Closed Won,Closed Won,96000.0,2026-01-31,2026-01-21,,Neeraj Baheti,5,0-300,Liquid Medical Office,Other,2.0,1,006Vo00001AskHPIAZ,0017V00001XTm3WQAT
GI Partners of Illinois,https://athelas.lightning.force.com/lightning/r/Opportunity/006Vo00000L6fdxIAB/view,GI Partners of Illinois LLC,Closed Won - Live,Closed Won,1012341.05,2025-03-24,2025-02-27,2025-03-24,Samantha Shapiro,224,0-300,ModMed,Modernizing Medicine,,1,006Vo00000L6fdxIAB,0017V00001Y7smNQAR
Medvanta - Call Center Agent (Convertible Pilot),https://athelas.lightning.force.com/lightning/r/Opportunity/006Vo00000uVYGUIA4/view,The Centers for Advanced Orthopaedics,Contract Signed/Closed Won,Closed Won,75000.0,2025-07-10,2025-10-23,2025-07-29,Adam Graves,161,0-300,Phoenix Ortho;,Other,,6,006Vo00000uVYGUIA4,0017V00001WfzqqQAB
Nathan Littauer Hospital - Ambient AI - New Business,https://athelas.lightning.force.com/lightning/r/Opportunity/006Vo00000PtjB2IAJ/view,Nathan Littauer Hospital,8. Close Won,Closed Won,250000.0,2026-01-08,2025-04-15,2026-01-07,Eric Valentin,200,0-300,MEDITECH,MEDITECH,,4,006Vo00000PtjB2IAJ,001Vo000008x9pDIAQ
Nathan Littauer Hospital - Call Center Agents,https://athelas.lightning.force.com/lightning/r/Opportunity/006Vo00000u9inyIAA/view,Nathan Littauer Hospital,8. Close Won,Closed Won,575000.0,2025-12-08,2025-10-22,,Eric Valentin,200,0-300,MEDITECH,MEDITECH,,4,006Vo00000u9inyIAA,001Vo000008x9pDIAQ
Optimus_PX_ Agent_Pilot,https://athelas.lightning.force.com/lightning/r/Opportunity/006Vo00000YJZPwIAP/view,Optimus Health Care Inc,8. Close Won,Closed Won,,2025-08-01,2025-06-14,2025-07-23,Micah Ciancia,,Unknown,Epic Systems Corporation;,Epic,,7,006Vo00000YJZPwIAP,0017V00001XmyU7QAJ
RCM - Precision Podiatry,https://athelas.lightning.force.com/lightning/r/Opportunity/006Vo00000jb5GaIAI/view,Precision Podiatry PA,Closed Won,Closed Won,200474.76,2026-01-31,2025-08-22,2026-02-18,Thomas Debnam,10,0-300,NextGen Healthcare,Other,,4,006Vo00000jb5GaIAI,0017V00001dA5PgQAK
RCM: Santana Mental Health Services,https://athelas.lightning.force.com/lightning/r/Opportunity/006Vo00000DksXQIAZ/view,Santana Mental Health Services,Closed Won - Live,Closed Won,96000.0,2025-03-14,2024-12-02,2025-03-28,Ashley Coudron,,Unknown,EHR is PracticeQ,Other,,1,006Vo00000DksXQIAZ,001Vo00000KJ1zNIAT
SANO Orthopedics,https://athelas.lightning.force.com/lightning/r/Opportunity/006Vo00000I4WIOIA3/view,Sano Orthopedics (FKA Advanced Orthopedics and Sports Medicine),Closed Won - Live,Closed Won,552480.0,2025-10-08,2025-01-27,2025-08-11,Mollie Calderon,38,0-300,eClinicalWorks; V11 EHR,eClinicalWorks,,2,006Vo00000I4WIOIA3,001Vo000008x0EiIAI
Abella Heart Abellaheart,https://athelas.lightning.force.com/lightning/r/Opportunity/006Vo00000oqiY4IAI/view,Abella Heart Abellaheart,Closed Lost,Closed Lost / Nurture,72000.0,2025-12-15,2025-09-24,2025-10-02,Melissa Erlandson,,Unknown,eClinicalWorks,eClinicalWorks,,1,006Vo00000oqiY4IAI,001Vo00000ud94qIAA
Academic Alliance of Dermatology,https://athelas.lightning.force.com/lightning/r/Opportunity/006Vo00000YVRDIIA5/view,Academic Alliance of Dermatology,Closed Lost,Closed Lost / Nurture,72000.0,2025-11-07,2025-06-16,,Janann Turner,112,0-300,modmed,Modernizing Medicine,,1,006Vo00000YVRDIIA5,0017V000024Doe9QAC
Advanced Orthopaedics and Sports Medicine (OrthoLone Star),https://athelas.lightning.force.com/lightning/r/Opportunity/006Vo00000VPRD0IAP/view,Advanced Orthopaedics and Sports Medicine,Closed Lost,Closed Lost / Nurture,72000.0,2026-01-30,2025-05-27,2025-10-09,Bethany Ayer,,Unknown,Athena,Athena,,5,006Vo00000VPRD0IAP,001Vo000001jT71IAE
Akumin,https://athelas.lightning.force.com/lightning/r/Opportunity/006Vo00000NmnsRIAR/view,Akumin (FKA Elite Imaging),Closed Lost,Closed Lost / Nurture,20250000.0,2025-10-07,2025-03-27,2025-06-30,John Clawges,,Unknown,eRAD,Other,,2,006Vo00000NmnsRIAR,0017V00001Wfx9VQAR
Akumin - Enterprise - Agents,https://athelas.lightning.force.com/lightning/r/Opportunity/006Vo00000s1PRvIAM/view,Akumin (FKA Elite Imaging),9. Lost/Nurture,Closed Lost / Nurture,,2028-01-01,2025-10-14,2025-11-10,Daniel Carter,,Unknown,eRAD,Other,,2,006Vo00000s1PRvIAM,0017V00001Wfx9VQAR
All About Kids Therapy Services- RCM,https://athelas.lightning.force.com/lightning/r/Opportunity/006Vo00000ptyKnIAI/view,All About Kids Therapy Services (GA),Closed Lost,Closed Lost / Nurture,269960.15,2025-11-21,2025-10-01,2025-11-06,Amanda Jackson,,Unknown,Clinic Source,Other,,3,006Vo00000ptyKnIAI,0017V00001gAIzzQAG
All About Kids Therapy Services-RCM,https://athelas.lightning.force.com/lightning/r/Opportunity/006Vo00000Gds11IAB/view,All About Kids Therapy Services (GA),Closed Lost,Closed Lost / Nurture,249193.98,2025-03-31,2025-01-10,2025-10-01,Amanda Jackson,,Unknown,Clinic Source,Other,,3,006Vo00000Gds11IAB,0017V00001gAIzzQAG
Alliance Orthopedics,https://athelas.lightning.force.com/lightning/r/Opportunity/006Vo00000OnWU4IAN/view,Alliance Orthopedics,Closed Lost,Closed Lost / Nurture,4490227.47,2026-03-26,2025-04-04,2026-03-13,Ashley Coudron,8,0-300,CareCloud,Other,,1,006Vo00000OnWU4IAN,001Vo000004i7ByIAI
Anesis Spine - RCM + Scribe,https://athelas.lightning.force.com/lightning/r/Opportunity/006Vo00000b7bIWIAY/view,Anesis Spine & Pain Care,Closed Lost,Closed Lost / Nurture,472500.0,2026-02-16,2025-07-01,2025-09-30,Brad Kuh,,Unknown,Bizmatics a Harris Computer Company,Other,,1,006Vo00000b7bIWIAY,0015e00000d7GINAA2
Associated Physicians Group - Cosell,https://athelas.lightning.force.com/lightning/r/Opportunity/006Vo000002itCXIAY/view,"Associated Physicians Group, PLC",Closed Lost,Closed Lost / Nurture,,2025-12-16,2024-02-28,,Ernest Chan,,Unknown,not sure,Other,17.0,2,006Vo000002itCXIAY,001Vo0000036xwYIAQ
Bare Dermatology,https://athelas.lightning.force.com/lightning/r/Opportunity/006Vo000017q6XvIAI/view,Bare Dermatology,Closed Lost,Closed Lost / Nurture,72000.0,2026-02-25,2026-01-05,2026-02-02,Matthew Cordner,,Unknown,ModMed,Modernizing Medicine,7.0,2,006Vo000017q6XvIAI,0017V00002DJWkbQAH
Bethesda Medical Clinic,https://athelas.lightning.force.com/lightning/r/Opportunity/006Vo00000cfwmvIAA/view,Bethesda Medical Clinic,Closed Lost,Closed Lost / Nurture,128633.43,2026-01-31,2025-07-11,2025-09-13,Lisa Glidden,5,0-300,eClinicalWorks,eClinicalWorks,,5,006Vo00000cfwmvIAA,0015e00000d7KMSAA2
Billnet Solutions - Partnership,https://athelas.lightning.force.com/lightning/r/Opportunity/006Vo00000AoAODIA3/view,Billnet Solutions/ Bright Start,Closed Lost,Closed Lost / Nurture,,2025-12-31,2024-09-30,2024-12-11,Ramesh Munnangi,,Unknown,TBD,Unknown,,2,006Vo00000AoAODIA3,001Vo00000FZtNeIAL
Block Sports Chiropractic And Physical Therapy,https://athelas.lightning.force.com/lightning/r/Opportunity/006Vo00000bwFMTIA2/view,Block Sports Chiropractic And Physical Therapy,Closed Lost,Closed Lost / Nurture,100000.0,2025-11-30,2025-07-07,2025-07-29,Bethany Ayer,,Unknown,ChiroTouch,Other,,1,006Vo00000bwFMTIA2,001Vo00000iDqIqIAK
Carolina Digestive Health Associates PA - RCM,https://athelas.lightning.force.com/lightning/r/Opportunity/006Vo00000zI6qEIAS/view,Carolina Digestive Health Associates PA,Closed Lost,Closed Lost / Nurture,403750.0,2026-02-28,2025-11-14,2025-12-18,Joshua Crawford,119,0-300,ModMed,Modernizing Medicine,,2,006Vo00000zI6qEIAS,001Vo000008wtplIAA
Cary Fuquay and Apex Pediatric Centers (FKA Cary Pediatric Center) - RCM,https://athelas.lightning.force.com/lightning/r/Opportunity/006Vo00001BIjHdIAL/view,Cary Fuquay and Apex Pediatric Centers (FKA Cary Pediatric Center),Closed Lost,Closed Lost / Nurture,337500.0,2026-04-30,2026-01-23,,Joshua Crawford,67,0-300,Physician's Computer Company (PCC),Other,16.0,2,006Vo00001BIjHdIAL,0017V000024NJCeQAO
Century Medical and Dental Center,https://athelas.lightning.force.com/lightning/r/Opportunity/006Vo00000hrX1tIAE/view,Century Medical and Dental Center,Closed Lost,Closed Lost / Nurture,1800000.0,2026-03-31,2025-08-12,2025-08-27,Janann Turner,,Unknown,ECW,eClinicalWorks,,2,006Vo00000hrX1tIAE,001Vo00000nv0nAIAQ
Chicago Center for Sports Medicine and Orthopedic Surgery,https://athelas.lightning.force.com/lightning/r/Opportunity/006Vo00000bKl0iIAC/view,Chicago Center for Sports Medicine and Orthopedic Surgery (Primus Orthopedics),Closed Lost,Closed Lost / Nurture,97750.0,2025-11-04,2025-07-02,2025-10-06,Amelia Paraskevas,8,0-300,eClinicalWorks; V11 EHR,eClinicalWorks,,4,006Vo00000bKl0iIAC,0017V00001WfPz9QAF
Children's Hospital Los Angeles - Voice Agents Pilot,https://athelas.lightning.force.com/lightning/r/Opportunity/006Vo00000Lh8pTIAR/view,Childrens Hospital Los Angeles,9. Lost/Nurture,Closed Lost / Nurture,12500.0,2026-02-18,2025-03-06,,Lexi Hull,6460,"5,000+",,Unknown,,15,006Vo00000Lh8pTIAR,001Vo000008wwQ7IAI
Citrus Valley Gastroenterology - RCM,https://athelas.lightning.force.com/lightning/r/Opportunity/0067V000026wbWJQAY/view,Citrus Valley Gastroenterology,Closed Lost,Closed Lost / Nurture,301999.56,2023-08-10,2023-04-04,2023-04-21,Christopher Schaub,8,0-300,NextGen Healthcare,Other,11.0,1,0067V000026wbWJQAY,0017V00001WfxpjQAB
Coastal Eye Associates PLLC,https://athelas.lightning.force.com/lightning/r/Opportunity/006Vo00000NqI0SIAV/view,Coastal Eye Associates PLLC,Closed Lost,Closed Lost / Nurture,48555.0,2025-07-11,2025-03-27,2025-04-14,Greg Mangum,,Unknown,Nextech Systems,Other,16.0,1,006Vo00000NqI0SIAV,001Vo00000OdbUgIAJ
Commure Agent - Rising Health Specialty,https://athelas.lightning.force.com/lightning/r/Opportunity/006Vo00000MLotIIAT/view,Rising Health Specialty,Closed Lost,Closed Lost / Nurture,,2025-05-19,2025-03-13,2025-03-17,Ernest Chan,,Unknown,,Unknown,4.0,2,006Vo00000MLotIIAT,001Vo00000FwTfJIAV
Commure Agent - The Patel Center for Functional Regeneration,https://athelas.lightning.force.com/lightning/r/Opportunity/006Vo00000ML3ftIAD/view,The Patel Center for Functional Regeneration,Closed Lost,Closed Lost / Nurture,,2025-05-19,2025-03-13,,Ernest Chan,,Unknown,,Unknown,2.0,1,006Vo00000ML3ftIAD,001Vo00000Sv6oYIAR
Commure Scribe - Spine and Wellness Centers of America,https://athelas.lightning.force.com/lightning/r/Opportunity/006Vo00000Q6KDBIA3/view,Spine and Wellness Centers of America,Closed Lost,Closed Lost / Nurture,26000.0,2025-05-07,2025-04-16,,Nassim Arsalane,140,0-300,,Unknown,15.0,1,006Vo00000Q6KDBIA3,001Vo000008woN3IAI
Deer Meadows Rehabilitation - Ambient,https://athelas.lightning.force.com/lightning/r/Opportunity/006Vo00000zyx3tIAA/view,Deer Meadows Rehabilitation and Nursing (FKA Choice Healthcare at Abingdon),Closed Lost,Closed Lost / Nurture,,2026-03-04,2025-11-18,,Ryan Laliberte,,Unknown,,Unknown,16.0,1,006Vo00000zyx3tIAA,001Vo00000SY2DwIAL
Desert Pain Specialists LLC,https://athelas.lightning.force.com/lightning/r/Opportunity/0067V000025aN7uQAE/view,Desert Pain Specialists LLC,Closed Lost,Closed Lost / Nurture,650000.0,2023-04-12,2022-11-18,2022-12-06,Daniel Stewart,38,0-300,AdvancedMD,AdvancedMD,,2,0067V000025aN7uQAE,0015e00000d7GezAAE
Digestive Healthcare of Georgia-RCM,https://athelas.lightning.force.com/lightning/r/Opportunity/006Vo00000SNBCSIA5/view,Digestive Healthcare of Georgia,Closed Lost,Closed Lost / Nurture,1182500.0,2025-08-04,2025-05-05,2025-06-23,Amanda Jackson,279,0-300,Epic connect,Epic,,2,006Vo00000SNBCSIA5,0017V00002CyvgtQAB
Digestive Medicine Associates LLP,https://athelas.lightning.force.com/lightning/r/Opportunity/006Vo00000diEvLIAU/view,Digestive Medicine Associates LLP,Closed Lost,Closed Lost / Nurture,350000.0,2025-12-31,2025-07-17,2025-08-12,Bridget Yeager,47,0-300,Veradigm Inc,Other,,1,006Vo00000diEvLIAU,0017V00001Wfy19QAB
Doctor Today,https://athelas.lightning.force.com/lightning/r/Opportunity/006Vo00000GftsKIAR/view,Doctor Today TLC LLC,Closed Lost,Closed Lost / Nurture,72000.0,2025-10-31,2025-01-10,2025-10-10,Ashley Coudron,11,0-300,eClinicalWorks,eClinicalWorks,,4,006Vo00000GftsKIAR,0015e00000d7If3AAE
Dr. Kim Ventures,https://athelas.lightning.force.com/lightning/r/Opportunity/006Vo00000apO1yIAE/view,Dr. Kim Ventures,Closed Lost,Closed Lost / Nurture,48750.0,2025-08-11,2025-06-30,2025-07-14,Joseph Simmons,,Unknown,,Unknown,25.0,2,006Vo00000apO1yIAE,001Vo00000h9MQOIA2
Epic Care - Scribe/Intake,https://athelas.lightning.force.com/lightning/r/Opportunity/006Vo000007LEwoIAG/view,Epic Care,9. Lost/Nurture,Closed Lost / Nurture,32400.0,2025-07-17,2024-07-19,2024-07-22,Mick Majewski,500,"301-1,000",Epic Systems Corporation; EpicCare Ambulatory,Epic,4.0,4,006Vo000007LEwoIAG,0017V00001YenW6QAJ
Epilepsy and Behavior Neurological Services LLC,https://athelas.lightning.force.com/lightning/r/Opportunity/006Vo000011CxTFIA0/view,Epilepsy and Behavior Neurological Services LLC,Closed Lost,Closed Lost / Nurture,72000.0,2025-11-26,2025-11-25,,Hannah Chang,,Unknown,GE Healthcare,Other,,1,006Vo000011CxTFIA0,0015e00000d7JzhAAE
Family Health Centers of San Diego - Scribe,https://athelas.lightning.force.com/lightning/r/Opportunity/006Vo000006GjBWIA0/view,Family Health Centers of San Diego,9. Lost/Nurture,Closed Lost / Nurture,100000.0,2025-12-31,2024-03-04,,Mick Majewski,5000,"1,001-5,000","eClinicalWorks; Eclinician, Greenway Health;",eClinicalWorks,,3,006Vo000006GjBWIA0,0015e00000CA1X8AAL
Gastroenterology Associates of New Jersey,https://athelas.lightning.force.com/lightning/r/Opportunity/006Vo00000sHADjIAO/view,Gastroenterology Associates of New Jersey,Closed Lost,Closed Lost / Nurture,1000000.0,2026-03-18,2025-10-14,2025-11-10,Samantha Shapiro,150,0-300,eClinicalWorks,eClinicalWorks,,5,006Vo00000sHADjIAO,0017V00001WfVDcQAN
HMS-Call Center,https://athelas.lightning.force.com/lightning/r/Opportunity/006Vo00000oYrrZIAS/view,HMS Group,9. Lost/Nurture,Closed Lost / Nurture,100000.0,2026-01-26,2025-09-23,,David Swanson,,Unknown,,Unknown,,2,006Vo00000oYrrZIAS,001Vo00001KsDu6IAF
Halton Call Center RFP,https://athelas.lightning.force.com/lightning/r/Opportunity/006Vo00000qH1oJIAS/view,Halton Healthcare,9. Lost/Nurture,Closed Lost / Nurture,300000.0,2025-10-30,2025-10-03,,David Swanson,,Unknown,MEDITECH,MEDITECH,,2,006Vo00000qH1oJIAS,001Vo00001KsBJGIA3
HaysMed Ambient-,https://athelas.lightning.force.com/lightning/r/Opportunity/006Vo00000qnfyeIAA/view,Hays Medical Center,9. Lost/Nurture,Closed Lost / Nurture,200000.0,2026-06-28,2025-10-07,2026-03-20,Kelum Fecht,500,"301-1,000",MEDITECH,MEDITECH,,3,006Vo00000qnfyeIAA,001Vo000008wrTLIAY
High 5 Health - RCM,https://athelas.lightning.force.com/lightning/r/Opportunity/006Vo00000814JVIAY/view,High 5 Health,Closed Lost,Closed Lost / Nurture,7425000.0,2025-07-01,2024-07-31,2025-06-12,Corey Pearson,11,0-300,Henry Schein (4 different solutions),Other,,1,006Vo00000814JVIAY,001Vo00000BWnLtIAL
Hillcrest Health & Living,https://athelas.lightning.force.com/lightning/r/Opportunity/006Vo00001C8syLIAR/view,Hillcrest Health & Living,Closed Lost,Closed Lost / Nurture,72000.0,2026-03-31,2026-01-28,2026-02-17,Bridget Yeager,,Unknown,NA,Unknown,6.0,1,006Vo00001C8syLIAR,001Vo00001H0OBLIA3
Houston Methodist - ENT Agents,https://athelas.lightning.force.com/lightning/r/Opportunity/006Vo00000iVFUbIAO/view,Houston Methodist,9. Lost/Nurture,Closed Lost / Nurture,,2025-08-22,2025-08-16,2025-05-28,Dane Axelgard,29730,"5,000+",Epic,Epic,,13,006Vo00000iVFUbIAO,001Vo000008wtRFIAY
IThriveVeins,https://athelas.lightning.force.com/lightning/r/Opportunity/006Vo00000rGaAnIAK/view,iThriveVeins National City,Closed Lost,Closed Lost / Nurture,72000.0,2025-10-23,2025-10-09,,Anthony Dicarlo,,Unknown,Tebra,Other,,1,006Vo00000rGaAnIAK,001Vo00000rmeWAIAY
Lex Foot and Ankle,https://athelas.lightning.force.com/lightning/r/Opportunity/006Vo00000w9KKnIAM/view,Lexington Foot & Ankle Center PSC,Closed Lost,Closed Lost / Nurture,120000.0,2025-12-30,2025-10-29,,Jon Smorol,,Unknown,TBD,Unknown,,1,006Vo00000w9KKnIAM,0017V00001dA4p4QAC
Marathon Health_PX_Agents_Pilot,https://athelas.lightning.force.com/lightning/r/Opportunity/006Vo00000iVFUkIAO/view,"Marathon Health, Inc.",9. Lost/Nurture,Closed Lost / Nurture,1000000.0,2025-12-03,2025-08-16,2025-10-19,Micah Ciancia,320,"301-1,000",athenahealth - athenaOne,Athena,,3,006Vo00000iVFUkIAO,0017V00001ceqxnQAA
Marcus Neuroscience Institute - Baptist Health | Athelas,https://athelas.lightning.force.com/lightning/r/Opportunity/006Vo00000eqn0vIAA/view,Baptist Health South Florida,Closed Lost,Closed Lost / Nurture,72000.0,2025-08-12,2025-07-24,2025-08-05,Alex Fogt,10000,"5,000+",Athena,Athena,,7,006Vo00000eqn0vIAA,001Vo000008wtisIAA
Marin City Health and Wellness Center,https://athelas.lightning.force.com/lightning/r/Opportunity/006Vo00000mqIurIAE/view,Marin City Health and Wellness Center,Closed Lost,Closed Lost / Nurture,72000.0,2025-10-31,2025-09-11,,Neeraj Baheti,90,0-300,ECW,eClinicalWorks,,1,006Vo00000mqIurIAE,001Vo00000OdK8QIAV
MaxHealth Primary Care,https://athelas.lightning.force.com/lightning/r/Opportunity/006Vo00000IVwLVIA1/view,MaxHealth Primary Care,Closed Lost,Closed Lost / Nurture,72000.0,2025-05-30,2025-01-31,2025-04-14,Ashley Coudron,,Unknown,unknown,Unknown,,1,006Vo00000IVwLVIA1,001Vo00000KxoDOIAZ
MedAssist,https://athelas.lightning.force.com/lightning/r/Opportunity/006Vo000006GjeFIAS/view,Firstsource,9. Lost/Nurture,Closed Lost / Nurture,,2024-01-17,2024-01-09,,Alec Epstein,,Unknown,,Unknown,,1,006Vo000006GjeFIAS,001Vo000008x0zHIAQ
Minnesota Women's care,https://athelas.lightning.force.com/lightning/r/Opportunity/006Vo00000PxBKWIA3/view,Minnesota Womens Care PA,Closed Lost,Closed Lost / Nurture,850000.0,2025-10-31,2025-04-15,,Melissa Erlandson,,Unknown,eClinicalWorks; V11 EHR,eClinicalWorks,,2,006Vo00000PxBKWIA3,0017V00001Y7sdWQAR
Mirvie - PX - XSell - RPM - Prenatal Hypertension Clinical Evidence Program,https://athelas.lightning.force.com/lightning/r/Opportunity/006Vo00000iVFUeIAO/view,Mirvie Inc.,9. Lost/Nurture,Closed Lost / Nurture,195000.0,2026-03-31,2025-08-16,2026-02-12,Shawna Haner,,Unknown,,Unknown,,5,006Vo00000iVFUeIAO,001Vo00001KrhBNIAZ
Nair Internal Medicine,https://athelas.lightning.force.com/lightning/r/Opportunity/006Vo00000ppNeqIAE/view,Nair Internal Medicine,Closed Lost,Closed Lost / Nurture,256081.6,2026-01-21,2025-09-30,2026-01-13,Brad Kuh,11,0-300,Practice Suite,Other,,2,006Vo00000ppNeqIAE,0015e00000d7JC5AAM
Nassau,https://athelas.lightning.force.com/lightning/r/Opportunity/006Vo00000Ol36LIAR/view,Nassau,Closed Lost,Closed Lost / Nurture,150000.0,2025-07-14,2025-04-04,2025-06-11,Ramneek Kakar,5,0-300,Medeo,Other,,1,006Vo00000Ol36LIAR,001Vo00000VIZTkIAP
NeuroSpine Institute | Scribe,https://athelas.lightning.force.com/lightning/r/Opportunity/006Vo000001umMMIAY/view,NSICA,Closed Lost,Closed Lost / Nurture,12000.0,2024-04-01,2024-02-05,,Jordan Tunnell,16,0-300,eCW,eClinicalWorks,15.0,1,006Vo000001umMMIAY,001Vo0000023fNKIAY
Nuvance Agents & Denials Co-Pilot,https://athelas.lightning.force.com/lightning/r/Opportunity/006Vo00000N19TtIAJ/view,Nuvance Health,9. Lost/Nurture,Closed Lost / Nurture,100000.0,2025-11-10,2025-03-20,2025-03-21,Amy Sullivan,1000,"301-1,000",,Unknown,,7,006Vo00000N19TtIAJ,001Vo000008x1CTIAY
Oakview Dermatology Scribe/Agents,https://athelas.lightning.force.com/lightning/r/Opportunity/006Vo00000Kld90IAB/view,Oakview Dermatology,Closed Lost,Closed Lost / Nurture,81250.0,2025-06-03,2025-02-24,,Thomas Childers,,Unknown,ModMed,Modernizing Medicine,25.0,3,006Vo00000Kld90IAB,0017V00001dA4FqQAK
Ocean Heart Group LLC,https://athelas.lightning.force.com/lightning/r/Opportunity/006Vo00000qPARIIA4/view,Ocean Heart Group LLC,Closed Lost,Closed Lost / Nurture,100000.0,2025-12-16,2025-10-03,,Hannah Chang,15,0-300,eMDs; CGM Practice Partner,Other,,5,006Vo00000qPARIIA4,0015e00000SxT3SAAV
Ortho South,https://athelas.lightning.force.com/lightning/r/Opportunity/006Vo000003HQKXIA4/view,OrthoSouth (FKA OrthoMemphis),Closed Lost,Closed Lost / Nurture,1980000.0,2024-07-03,2024-03-14,2024-04-01,Dylan Favila,304,"301-1,000",MediCopy,Other,,5,006Vo000003HQKXIA4,001Vo000008wttoIAA
OrthoCincy Orthopaedics & Sports Medicine (FKA Commonwealth Orthopaedic Centers),https://athelas.lightning.force.com/lightning/r/Opportunity/006Vo000018HQSZIA4/view,OrthoCincy Orthopaedics & Sports Medicine (FKA Commonwealth Orthopaedic Centers),Closed Lost,Closed Lost / Nurture,72000.0,2026-03-11,2026-01-07,,Alex Fogt,,Unknown,Epic Systems Corporation;,Epic,53.0,3,006Vo000018HQSZIA4,0017V00001Y7spvQAB
Orthopaedic Medical Group of Tampa Bay,https://athelas.lightning.force.com/lightning/r/Opportunity/006Vo00000I4HwGIAV/view,Orthopaedic Medical Group of Tampa Bay,Closed Lost,Closed Lost / Nurture,72000.0,2025-03-31,2025-01-27,2025-02-05,Ashley Coudron,87,0-300,Epic Systems Corporation,Epic,,6,006Vo00000I4HwGIAV,001Vo00000EPLnZIAX
Ottawa Family Physicians,https://athelas.lightning.force.com/lightning/r/Opportunity/006Vo00000tiy7GIAQ/view,Ottawa Family Physicians Chartered,Closed Lost,Closed Lost / Nurture,400000.0,2026-02-28,2025-10-20,2026-02-11,Mollie Calderon,,Unknown,Azalea Health,Other,,2,006Vo00000tiy7GIAQ,0015e00000d7JIlAAM
Pain Specialists of America,https://athelas.lightning.force.com/lightning/r/Opportunity/006Vo00000ChI9GIAV/view,Pain Specialists of America,Closed Lost,Closed Lost / Nurture,1920952.68,2026-03-11,2024-11-08,2026-02-10,Bridget Yeager,317,"301-1,000",ECW,eClinicalWorks,,4,006Vo00000ChI9GIAV,0017V00001ekHwxQAE
Partnership - Midwest IT Support LLC - Bashar Bouso,https://athelas.lightning.force.com/lightning/r/Opportunity/006Vo00000QoLQaIAN/view,Midwest IT Support LLC - Bashar Bouso,Closed Lost,Closed Lost / Nurture,,2025-10-31,2025-04-22,,Ramesh Munnangi,,Unknown,n/a,Unknown,,1,006Vo00000QoLQaIAN,001Vo00000XKJzbIAH
Praventa Health,https://athelas.lightning.force.com/lightning/r/Opportunity/006Vo0000195LB1IAM/view,Praventa Health,Closed Lost,Closed Lost / Nurture,,2026-02-16,2026-01-12,2026-01-12,Brad Kuh,,Unknown,Praventa Health,Other,,2,006Vo0000195LB1IAM,001Vo00001E7M9iIAF
Presbyterian Healthcare Services - Scribe,https://athelas.lightning.force.com/lightning/r/Opportunity/006Vo000006TWkDIAW/view,Presbyterian Healthcare Services,9. Lost/Nurture,Closed Lost / Nurture,24000.0,2025-02-01,2024-06-23,2024-09-11,Mick Majewski,,Unknown,,Unknown,,9,006Vo000006TWkDIAW,001Vo000008wwQRIAY
Pueblo Medical Imaging - RCM + Scribe + Air + Coding,https://athelas.lightning.force.com/lightning/r/Opportunity/006Vo00000NSb5wIAD/view,Pueblo Medical Imaging,Closed Lost,Closed Lost / Nurture,826073.33,2025-07-31,2025-03-24,2025-04-11,Ramesh Munnangi,,Unknown,MedInformatix,Other,,2,006Vo00000NSb5wIAD,0017V00001kLTtvQAG
Pullman Regional - VersaBadge Scribe,https://athelas.lightning.force.com/lightning/r/Opportunity/006Vo00000B1nd6IAB/view,Pullman Regional Hospital,9. Lost/Nurture,Closed Lost / Nurture,100000.0,2025-07-29,2024-10-04,,Mick Majewski,500,"301-1,000",,Unknown,,2,006Vo00000B1nd6IAB,001Vo000008wwFBIAY
RCM - Breast Care Specialists,https://athelas.lightning.force.com/lightning/r/Opportunity/006Vo00000TUcIUIA1/view,Breast Care Specialists (GA),Closed Lost,Closed Lost / Nurture,524712.95,2026-02-18,2025-05-13,2025-12-29,Ashley Coudron,,Unknown,AllScripts,Other,,1,006Vo00000TUcIUIA1,001Vo00000aHH9OIAW
RCM - Las Vegas Urology LLP,https://athelas.lightning.force.com/lightning/r/Opportunity/006Vo00000kQsWvIAK/view,Las Vegas Urology LLP,Closed Lost,Closed Lost / Nurture,535500.0,2026-03-16,2025-08-27,2025-12-30,Rika Jitosho,11,0-300,Epic Systems Corporation; EpicCare Ambulatory,Epic,36.0,3,006Vo00000kQsWvIAK,0017V00001Wfz2gQAB
RCM - Podiatry 1st,https://athelas.lightning.force.com/lightning/r/Opportunity/0067V000028vH2eQAE/view,James Anderson PM LLC (AKA Podiatry 1st),Closed Lost,Closed Lost / Nurture,75000.0,2023-08-10,2023-06-14,2023-07-11,Christopher Schaub,8,0-300,eClinicalWorks,eClinicalWorks,,5,0067V000028vH2eQAE,0017V00001hfhGVQAY
RCM - South Valley Physical Therapy,https://athelas.lightning.force.com/lightning/r/Opportunity/006Vo00000QI2ndIAD/view,South Valley Physical Therapy,Closed Lost,Closed Lost / Nurture,29473.18,2025-10-31,2025-04-17,2025-05-08,Neeraj Baheti,13,0-300,Practice Perfect,Other,,1,006Vo00000QI2ndIAD,0017V00001cfymNQAQ
RCM - Texas Neurology Consultants LLP,https://athelas.lightning.force.com/lightning/r/Opportunity/006Vo00000wyJb5IAE/view,Texas Neurology Consultants LLP,Closed Lost,Closed Lost / Nurture,100000.0,2026-01-29,2025-11-03,2025-11-12,Danny Price,12,0-300,eClinicalWorks,eClinicalWorks,,2,006Vo00000wyJb5IAE,0015e00000d7GxUAAU
RCM: Urology Group of Southern California,https://athelas.lightning.force.com/lightning/r/Opportunity/006Vo00000GOXmRIAX/view,Urology Group of Southern California (AKA John J Kowalczyk Do Inc),Closed Lost,Closed Lost / Nurture,138476.76,2025-01-31,2025-01-07,,Rika Jitosho,,Unknown,ModMed,Modernizing Medicine,,3,006Vo00000GOXmRIAX,0015e00000d7KjtAAE
SEPA Pain Management Ltd,https://athelas.lightning.force.com/lightning/r/Opportunity/006Vo00000BnCuXIAV/view,SEPA Pain Management Ltd,Closed Lost,Closed Lost / Nurture,200000.0,2025-01-31,2024-10-21,,Sue Fioravanti,28,0-300,eClinicalWorks,eClinicalWorks,,2,006Vo00000BnCuXIAV,0015e00000d7F1EAAU
Sagis Diagnostics,https://athelas.lightning.force.com/lightning/r/Opportunity/006Vo00000QEFt5IAH/view,Sagis Diagnostics,Closed Lost,Closed Lost / Nurture,72000.0,2025-05-23,2025-04-17,2025-04-23,Zachary Mitchell,,Unknown,TBD,Unknown,,1,006Vo00000QEFt5IAH,001Vo00000WkaPUIAZ
Serenity Mental Health Centers,https://athelas.lightning.force.com/lightning/r/Opportunity/0067V000025UW95QAG/view,Serenity Mental Health Centers,Closed Lost,Closed Lost / Nurture,660000.0,2023-03-16,2022-11-11,,Jordan Hobley,,Unknown,,Unknown,,1,0067V000025UW95QAG,0017V00001mNWrmQAG
Signify Health - Portal/Med Rec/NW,https://athelas.lightning.force.com/lightning/r/Opportunity/006Vo000006GjNHIA0/view,Signify Health,9. Lost/Nurture,Closed Lost / Nurture,410000.0,2020-12-31,2020-10-05,,Alec Epstein,,Unknown,,Unknown,,1,006Vo000006GjNHIA0,001Vo000008x1Z9IAI
Southern Bone and Joint Specialists,https://athelas.lightning.force.com/lightning/r/Opportunity/006Vo00000jPTXzIAO/view,Southern Bone And Joint Specialists,Closed Lost,Closed Lost / Nurture,1065800.22,2026-02-13,2025-08-21,,Katie Lynch,,Unknown,athena,Athena,,1,006Vo00000jPTXzIAO,001Vo00000FEh5SIAT
Suite - PrimeCareHealth,https://athelas.lightning.force.com/lightning/r/Opportunity/006Vo00000dsCc2IAE/view,PrimeCareHealth,Closed Lost,Closed Lost / Nurture,500000.0,2025-12-31,2025-07-18,2025-09-09,Samantha Shapiro,11,0-300,Athena,Athena,,1,006Vo00000dsCc2IAE,001Vo00000CJmfYIAT
Temple - PXP,https://athelas.lightning.force.com/lightning/r/Opportunity/006Vo00001E5lCJIAZ/view,Temple University Health System (AKA Temple Health),9. Lost/Nurture,Closed Lost / Nurture,,2026-12-31,2026-02-07,2026-03-05,Eric Valentin,7860,"5,000+",Epic,Epic,,4,006Vo00001E5lCJIAZ,001Vo000008wr5UIAQ
Tenet Call Center,https://athelas.lightning.force.com/lightning/r/Opportunity/006Vo00000ZHMhdIAH/view,Tenet Healthcare,9. Lost/Nurture,Closed Lost / Nurture,250000.0,2026-01-26,2025-06-20,,David Swanson,10000,"5,000+",,Unknown,,10,006Vo00000ZHMhdIAH,001Vo000008wr4TIAQ
The EpiCentre RCM,https://athelas.lightning.force.com/lightning/r/Opportunity/006Vo00000KR8m4IAD/view,The EpiCentre,Closed Lost,Closed Lost / Nurture,108759.1,2025-04-30,2025-02-20,2025-02-27,Nate Hill,7,0-300,eClinicalWorks,eClinicalWorks,,4,006Vo00000KR8m4IAD,001Vo000002dcQSIAY
The Los Angeles Headache Center,https://athelas.lightning.force.com/lightning/r/Opportunity/006Vo00000W42jxIAB/view,The Los Angeles Headache Center,Closed Lost,Closed Lost / Nurture,72000.0,2025-12-29,2025-05-30,,Ariana Gonzalez,,Unknown,AdvancedMD,AdvancedMD,,1,006Vo00000W42jxIAB,001Vo00000OedWVIAZ
Third Way Health - Referral Partnership,https://athelas.lightning.force.com/lightning/r/Opportunity/006Vo00000DGMulIAH/view,Third Way Health,Closed Lost,Closed Lost / Nurture,,2025-04-30,2024-11-19,2024-12-03,Ramesh Munnangi,,Unknown,N/A,Unknown,,1,006Vo00000DGMulIAH,001Vo00000JQE2nIAH
Truffles Vein Specialists,https://athelas.lightning.force.com/lightning/r/Opportunity/006Vo00000otRsPIAU/view,Truffles Vein Specialists,Closed Lost,Closed Lost / Nurture,215000.0,2025-11-28,2025-09-24,,Janann Turner,,Unknown,ECW,eClinicalWorks,,1,006Vo00000otRsPIAU,0015e00000d7GwaAAE
Women's Excellence - RCM + Scribe + Air,https://athelas.lightning.force.com/lightning/r/Opportunity/006Vo00000Dxdx8IAB/view,Women's Excellence (AKA Women's Healthcare Associates),Closed Lost,Closed Lost / Nurture,275000.0,2025-10-31,2024-12-05,,Ramesh Munnangi,26,0-300,athenahealth; athenaClinicals,Athena,,2,006Vo00000Dxdx8IAB,0017V00001WfxWfQAJ
